metric,python_value,excel_value,gap,pct_gap_vs_excel
base_npv,1627402709.6891494,179410192.28525418,1447992517.4038951,8.070848701291462
expected_npv,2258519400.91288,351269556.270483,1907249844.642397,5.429590497087612
var_5pct,-7255327432.314742,-1311282054.4859998,-5944045377.828742,4.53300291687337
cvar_5pct,-9354555951.379135,-1599912510.4894392,-7754643440.889696,4.846917184563689
