metric,value,unit
expected_npv,351269556.270483,PEN
median_npv,228749092.945,PEN
std_npv,1161530154.4589438,PEN
min_npv,-2666243349.64,PEN
max_npv,6785236636.58,PEN
cv_npv,3.3066633123325597,ratio
var_5pct,-1311282054.4859998,PEN
cvar_5pct,-1599912510.4894392,PEN
