metric,value
expected_npv_usd,1347994175.25657
median_npv_usd,1243918416.57586
std_npv_usd,3138561645.54174
min_npv_usd,-10037538737.43847
max_npv_usd,14922233320.72917
probability_of_loss,0.3391
var_alpha,0.05
var_usd,-3678101309.41366
cvar_usd,-4823082407.71735
