percentile,npv_usd
0.01,-3747863365.5321546
0.05,-2542329173.208217
0.1,-1812024264.9551606
0.25,-452865903.2511868
0.5,1365478936.9979362
0.75,3066481873.9335456
0.9,4530238622.245339
0.95,5349163538.769323
0.99,6916350303.279124
