metric,value
expected_npv_usd,1351098900.677355
median_npv_usd,1365478936.9979362
std_npv_usd,2429158729.1894846
min_npv_usd,-5620062430.725847
max_npv_usd,9997177919.506119
probability_of_loss,0.3097
var_alpha,0.05
var_usd,-2542329173.208217
cvar_usd,-3298723141.8961773
