percentile,npv_usd
0.01,-5615376293.30374
0.05,-3678101309.41366
0.1,-2638606937.21346
0.25,-814054203.6107
0.5,1243918416.57586
0.75,3442684807.61274
0.9,5387531921.39826
0.95,6563953456.52528
0.99,9085342982.08153
