percentile,npv_usd
0.01,-10831426510.570662
0.05,-7255327432.314742
0.1,-5268967724.557571
0.25,-1569855816.7973046
0.5,1950787506.0063019
0.75,5784131154.121379
0.9,9888322839.332462
0.95,12698830540.387056
0.99,18629648412.202747
