percentile,npv_usd
0.01,-5615376293.303489
0.05,-3678101309.4134183
0.1,-2638606937.213234
0.25,-814054203.610461
0.5,1243918416.5761094
0.75,3442684807.6129937
0.9,5387531921.3985195
0.95,6563953456.52556
0.99,9085342982.081852
