metric,value
expected_npv_usd,1347994175.2565725
median_npv_usd,1243918416.5758555
std_npv_usd,3138561645.5417433
min_npv_usd,-10037538737.438469
max_npv_usd,14922233320.729172
probability_of_loss,0.3391
var_alpha,0.05
var_usd,-3678101309.4136558
cvar_usd,-4823082407.717354
