percentile,npv_usd
0.01,-5615376293.3037405
0.05,-3678101309.4136558
0.1,-2638606937.2134647
0.25,-814054203.6107006
0.5,1243918416.5758555
0.75,3442684807.6127353
0.9,5387531921.398263
0.95,6563953456.525276
0.99,9085342982.081526
